{
    "version":  20,
    "intercept":  -2.242099189437439,
    "denseFeatureWeights":  {
                                "kw_payment":  -0.06183763652935464,
                                "kw_account":  0.1,
                                "kw_urgency":  -0.16495167409894743,
                                "kw_trust":  0.506306901322368,
                                "kw_too_good":  0.6672118786782585,
                                "kw_platform":  0.30793709026829064,
                                "has_link":  0.4,
                                "has_suspicious_punctuation":  0.0,
                                "ctx_pushes_external_platform":  0.9563040600849798,
                                "ctx_demands_upfront_payment":  0.06818475496601398,
                                "ctx_requests_sensitive_data":  0.4,
                                "ctx_claims_middleman_without_proof":  0.42396708648888815,
                                "ctx_too_good_to_be_true":  0.6672118786782585,
                                "ctx_repeated_contact_3plus":  -0.04182706491364772,
                                "ctx_is_spam":  0.7291763412660456,
                                "ctx_asks_for_stuff":  0.06818475496601398,
                                "ctx_advertising":  -0.511134795449819,
                                "intent_offer":  0.3169384019946916,
                                "intent_rep":  0.5164211071748236,
                                "intent_redirect":  0.9563040600849798,
                                "intent_instruction":  -0.32184225971742136,
                                "intent_payment":  0.06818475496601398,
                                "intent_anchor":  0.16501925168086415,
                                "funnel_step_norm":  0.5490544042692461,
                                "funnel_sequence_norm":  0.48782969002554183,
                                "funnel_full_chain":  0.14949301168517937,
                                "funnel_partial_chain":  1.0868443529268095,
                                "rapid_followup":  0.3702612146321425,
                                "channel_pm":  1.2971717992714058,
                                "channel_party":  0.0,
                                "channel_public":  0.9979420445755585,
                                "rule_hits_norm":  0.8009841196087558,
                                "similarity_hits_norm":  0.006560480400016812,
                                "behavior_hits_norm":  0.16095057223062706,
                                "trend_hits_norm":  0.006560480400016812,
                                "funnel_hits_norm":  0.7425319146675198
                            },
    "tokenWeights":  {
                         "ng3:could you give":  0.08078600602691674,
                         "ng3:you give rep":  0.08078600602691674,
                         "ng4:could you give rep":  0.08078600602691674,
                         "ng3:buy your item":  -0.24320243418263537,
                         "ng3:can buy your":  -0.24320243418263537,
                         "ng4:can buy your item":  -0.24320243418263537
                     },
    "funnelHead":  {
                       "intercept":  -1.9036334533768686,
                       "denseFeatureWeights":  {
                                                   "ctx_pushes_external_platform":  0.15054440966615026,
                                                   "ctx_repeated_contact_3plus":  -0.04005526136437656,
                                                   "intent_offer":  1.3533175981140957,
                                                   "intent_rep":  0.5936563375003754,
                                                   "intent_redirect":  0.15054440966615026,
                                                   "intent_instruction":  0.1762652920590224,
                                                   "intent_payment":  0.1353237875509519,
                                                   "intent_anchor":  0.1543453053605171,
                                                   "funnel_step_norm":  1.7459407610846064,
                                                   "funnel_sequence_norm":  0.5936241223279001,
                                                   "funnel_full_chain":  0.0694658539356045,
                                                   "funnel_partial_chain":  1.5387026936343278,
                                                   "rapid_followup":  0.3244129258163974,
                                                   "funnel_hits_norm":  1.3419649935206184
                                               }
                   }
}