{
    "version":  17,
    "intercept":  -2.1424505017419273,
    "denseFeatureWeights":  {
                                "kw_payment":  -0.4081894085081216,
                                "kw_account":  0.0,
                                "kw_urgency":  -0.14889571030025547,
                                "kw_trust":  0.32627995522965225,
                                "kw_too_good":  0.6380393124851835,
                                "kw_platform":  0.3274986911251719,
                                "has_link":  0.0,
                                "has_suspicious_punctuation":  0.0,
                                "ctx_pushes_external_platform":  0.9786936781265705,
                                "ctx_demands_upfront_payment":  0.06997886173983857,
                                "ctx_requests_sensitive_data":  0.0,
                                "ctx_claims_middleman_without_proof":  0.4441609704848119,
                                "ctx_too_good_to_be_true":  0.6380393124851835,
                                "ctx_repeated_contact_3plus":  -0.2204547546487957,
                                "ctx_is_spam":  0.7887682309087483,
                                "ctx_asks_for_stuff":  0.06997886173983857,
                                "ctx_advertising":  -0.5733247595733401,
                                "intent_offer":  0.4650651974225974,
                                "intent_rep":  0.5702084263976824,
                                "intent_redirect":  0.9786936781265705,
                                "intent_instruction":  -0.2751030863414597,
                                "intent_payment":  0.06997886173983857,
                                "intent_anchor":  0.18894821645046483,
                                "funnel_step_norm":  0.6656282173433671,
                                "funnel_sequence_norm":  0.5021159637803572,
                                "funnel_full_chain":  0.15415331726505796,
                                "funnel_partial_chain":  1.1180824839030803,
                                "rapid_followup":  1.8308881658012195,
                                "channel_pm":  1.2612769016342507,
                                "channel_party":  0.0,
                                "channel_public":  0.8754911772228031,
                                "rule_hits_norm":  0.8394504865800643,
                                "similarity_hits_norm":  0.006683647004666265,
                                "behavior_hits_norm":  0.16544116731495337,
                                "trend_hits_norm":  0.006683647004666265,
                                "funnel_hits_norm":  0.8624535162022878
                            },
    "tokenWeights":  {

                     },
    "funnelHead":  {
                       "intercept":  -1.5815744974894028,
                       "denseFeatureWeights":  {
                                                   "ctx_pushes_external_platform":  0.014903835736599405,
                                                   "ctx_repeated_contact_3plus":  -0.23318379393830557,
                                                   "intent_offer":  2.0833114453623023,
                                                   "intent_rep":  0.5556513808973756,
                                                   "intent_redirect":  0.014903835736599405,
                                                   "intent_instruction":  -0.04675482869656771,
                                                   "intent_payment":  0.10561464969714572,
                                                   "intent_anchor":  0.12610832564656901,
                                                   "funnel_step_norm":  1.6306928659164934,
                                                   "funnel_sequence_norm":  0.5581717098675892,
                                                   "funnel_full_chain":  0.07229488148361381,
                                                   "funnel_partial_chain":  1.4236012745008295,
                                                   "rapid_followup":  1.734794233683624,
                                                   "funnel_hits_norm":  1.106117865369163
                                               }
                   }
}