{
  "version": 7,
  "intercept": -3.734994046925109,
  "hasPaymentWords": 0.39435643217399735,
  "hasAccountWords": -0.11562271512671081,
  "hasUrgencyWords": -0.15349457388073887,
  "hasTrustWords": -0.06952732379254103,
  "hasTooGoodWords": 0.0,
  "hasPlatformWords": 1.5663164949387947,
  "hasLink": 0.0,
  "hasSuspiciousPunctuation": 0.0,
  "ctxPushesExternalPlatform": 1.5663164949387947,
  "ctxDemandsUpfrontPayment": 0.0,
  "ctxRequestsSensitiveData": -0.11562271512671081,
  "ctxClaimsMiddlemanWithoutProof": -0.2317538958731091,
  "ctxTooGoodToBeTrue": 0.0,
  "ctxRepeatedContact3Plus": 0.0,
  "ctxIsSpam": 1.7397785584201775,
  "ctxAsksForStuff": 0.0,
  "ctxAdvertising": 0.0,
  "tokenWeights": {
    "ng2:cheap coins": 0.4843034148012519,
    "ng2:discord for": 0.4843034148012519,
    "ng2:and more": 0.07770640551100612,
    "ng2:coins accounts": 0.07770640551100612,
    "ng2:coins discord": 0.07770640551100612,
    "ng2:for skyblock": 0.07770640551100612,
    "ng2:skyblock coins": 0.07770640551100612,
    "ng2:want cheap": 0.07770640551100612,
    "ng3:accounts and more": 0.07770640551100612,
    "ng3:cheap coins discord": 0.07770640551100612,
    "ng3:coins accounts and": 0.07770640551100612,
    "ng3:coins discord for": 0.07770640551100612,
    "ng3:discord for skyblock": 0.07770640551100612,
    "ng3:for skyblock coins": 0.07770640551100612,
    "ng3:skyblock coins accounts": 0.07770640551100612,
    "ng3:want cheap coins": 0.07770640551100612,
    "ng4:cheap coins discord for": 0.07770640551100612,
    "ng4:coins accounts and more": 0.07770640551100612,
    "ng4:coins discord for skyblock": 0.07770640551100612,
    "ng4:discord for skyblock coins": 0.07770640551100612,
    "ng4:for skyblock coins accounts": 0.07770640551100612,
    "ng4:skyblock coins accounts and": 0.07770640551100612,
    "ng4:want cheap coins discord": 0.07770640551100612,
    "ng5:cheap coins discord for skyblock": 0.07770640551100612,
    "ng5:coins discord for skyblock coins": 0.07770640551100612,
    "ng5:discord for skyblock coins accounts": 0.07770640551100612,
    "ng5:for skyblock coins accounts and": 0.07770640551100612,
    "ng5:skyblock coins accounts and more": 0.07770640551100612,
    "ng5:want cheap coins discord for": 0.07770640551100612,
    "ng2:accounts and": 0.01930578996642953
  }
}