{
    "version":  13,
    "intercept":  -1.53295121868032,
    "denseFeatureWeights":  {
                                "kw_payment":  -0.5095209402627262,
                                "kw_account":  -0.08722369606180203,
                                "kw_urgency":  -0.07997348575685222,
                                "kw_trust":  -0.04871382134070783,
                                "kw_too_good":  0.26135840479180567,
                                "kw_platform":  0.5118035830935577,
                                "has_link":  0.0,
                                "has_suspicious_punctuation":  0.0,
                                "ctx_pushes_external_platform":  0.5626393601787892,
                                "ctx_demands_upfront_payment":  0.5478370464905574,
                                "ctx_requests_sensitive_data":  -0.08722369606180203,
                                "ctx_claims_middleman_without_proof":  -0.17099646630191961,
                                "ctx_too_good_to_be_true":  0.8091954512823621,
                                "ctx_repeated_contact_3plus":  0.6120175829779169,
                                "ctx_is_spam":  0.31094482295248904,
                                "ctx_asks_for_stuff":  0.5938207445426512,
                                "ctx_advertising":  -0.6069267950069096,
                                "intent_offer":  0.2803495553639511,
                                "intent_rep":  0.33299875638426396,
                                "intent_redirect":  0.21298083957228453,
                                "intent_instruction":  0.39016154745672577,
                                "intent_payment":  0.0,
                                "intent_anchor":  0.18510608450541485,
                                "funnel_step_norm":  0.54243820082632,
                                "funnel_sequence_norm":  0.2758299410843619,
                                "funnel_full_chain":  0.19756149003443768,
                                "funnel_partial_chain":  0.392962565886443,
                                "rapid_followup":  1.0196226730053062,
                                "channel_pm":  0.4,
                                "channel_party":  0.4,
                                "channel_public":  0.0272943376894885,
                                "rule_hits_norm":  0.047254760112353106,
                                "similarity_hits_norm":  0.0,
                                "behavior_hits_norm":  0.0,
                                "trend_hits_norm":  0.0,
                                "funnel_hits_norm":  0.1710633944006073
                            },
    "tokenWeights":  {
                         "ng2:cheap coins":  0.1960512642708675,
                         "ng2:discord for":  0.1960512642708675,
                         "ng2:and more":  0.08478974752024725,
                         "ng2:coins accounts":  0.08478974752024725,
                         "ng2:coins discord":  0.08478974752024725,
                         "ng2:for skyblock":  0.08478974752024725,
                         "ng2:skyblock coins":  0.08478974752024725,
                         "ng2:want cheap":  0.08478974752024725,
                         "ng3:accounts and more":  0.08478974752024725,
                         "ng3:cheap coins discord":  0.08478974752024725,
                         "ng3:coins accounts and":  0.08478974752024725,
                         "ng3:coins discord for":  0.08478974752024725,
                         "ng3:discord for skyblock":  0.08478974752024725,
                         "ng3:for skyblock coins":  0.08478974752024725,
                         "ng3:skyblock coins accounts":  0.08478974752024725,
                         "ng3:want cheap coins":  0.08478974752024725,
                         "ng4:cheap coins discord for":  0.08478974752024725,
                         "ng4:coins accounts and more":  0.08478974752024725,
                         "ng4:coins discord for skyblock":  0.08478974752024725,
                         "ng4:discord for skyblock coins":  0.08478974752024725,
                         "ng4:for skyblock coins accounts":  0.08478974752024725,
                         "ng4:skyblock coins accounts and":  0.08478974752024725,
                         "ng4:want cheap coins discord":  0.08478974752024725,
                         "ng5:cheap coins discord for skyblock":  0.08478974752024725,
                         "ng5:coins discord for skyblock coins":  0.08478974752024725,
                         "ng5:discord for skyblock coins accounts":  0.08478974752024725,
                         "ng5:for skyblock coins accounts and":  0.08478974752024725,
                         "ng5:skyblock coins accounts and more":  0.08478974752024725,
                         "ng5:want cheap coins discord for":  0.08478974752024725,
                         "ng2:and cheapest":  0.1148935586816227,
                         "ng2:best macros":  0.1148935586816227,
                         "ng2:cheapest coisn":  0.1148935586816227,
                         "ng2:could you":  0.1354372663498247,
                         "ng2:discord best":  0.1148935586816227,
                         "ng2:doing free":  0.26135840479180567,
                         "ng2:for cheap":  0.11126151675062007,
                         "ng2:give rep":  0.1354372663498247,
                         "ng2:lol discord":  0.11126151675062007,
                         "ng2:macros and":  0.1148935586816227,
                         "ng2:poor lol":  0.11126151675062007,
                         "ng2:you give":  0.1354372663498247,
                         "ng2:your poor":  0.11126151675062007,
                         "ng3:and cheapest coisn":  0.1148935586816227,
                         "ng3:best macros and":  0.1148935586816227,
                         "ng3:could you give":  0.1354372663498247,
                         "ng3:discord best macros":  0.1148935586816227,
                         "ng3:discord for cheap":  0.11126151675062007,
                         "ng3:for cheap coins":  0.11126151675062007,
                         "ng3:lol discord for":  0.11126151675062007,
                         "ng3:macros and cheapest":  0.1148935586816227,
                         "ng3:poor lol discord":  0.11126151675062007,
                         "ng3:you give rep":  0.1354372663498247,
                         "ng3:your poor lol":  0.11126151675062007,
                         "ng4:best macros and cheapest":  0.1148935586816227,
                         "ng4:could you give rep":  0.1354372663498247,
                         "ng4:discord best macros and":  0.1148935586816227,
                         "ng4:discord for cheap coins":  0.11126151675062007,
                         "ng4:lol discord for cheap":  0.11126151675062007,
                         "ng4:macros and cheapest coisn":  0.1148935586816227,
                         "ng4:poor lol discord for":  0.11126151675062007,
                         "ng4:your poor lol discord":  0.11126151675062007,
                         "ng5:best macros and cheapest coisn":  0.1148935586816227,
                         "ng5:discord best macros and cheapest":  0.1148935586816227,
                         "ng5:lol discord for cheap coins":  0.11126151675062007,
                         "ng5:poor lol discord for cheap":  0.11126151675062007,
                         "ng5:your poor lol discord for":  0.11126151675062007,
                         "ng2:accounts and":  0.04240033121483637,
                         "ng2:for the":  -0.0833922604008061,
                         "ng2:text and":  -0.09387484182942728
                     },
    "funnelHead":  {
                       "intercept":  -0.5888723459784189,
                       "denseFeatureWeights":  {
                                                   "ctx_pushes_external_platform":  -0.19620333238874396,