{
    "version":  14,
    "intercept":  -1.3579284239315013,
    "denseFeatureWeights":  {
                                "kw_payment":  -0.49489899053817127,
                                "kw_account":  -0.10285234293860132,
                                "kw_urgency":  -0.0942026760328627,
                                "kw_trust":  0.02484961375617551,
                                "kw_too_good":  0.5197014040100285,
                                "kw_platform":  0.4325158453056536,
                                "has_link":  0.0,
                                "has_suspicious_punctuation":  0.0,
                                "ctx_pushes_external_platform":  0.47287869314267494,
                                "ctx_demands_upfront_payment":  0.4353940367672792,
                                "ctx_requests_sensitive_data":  -0.10285234293860132,
                                "ctx_claims_middleman_without_proof":  -0.20077771973761627,
                                "ctx_too_good_to_be_true":  0.9565807002291362,
                                "ctx_repeated_contact_3plus":  0.6092503850765895,
                                "ctx_is_spam":  0.28673667765741845,
                                "ctx_asks_for_stuff":  0.4812648481460821,
                                "ctx_advertising":  -0.34024245878152254,
                                "intent_offer":  0.6320383677691652,
                                "intent_rep":  0.2983607059369537,
                                "intent_redirect":  0.2100222147234068,
                                "intent_instruction":  0.31763076672492135,
                                "intent_payment":  0.05191272638132683,
                                "intent_anchor":  0.16092690127723855,
                                "funnel_step_norm":  0.6956036666474595,
                                "funnel_sequence_norm":  0.32666213757853785,
                                "funnel_full_chain":  0.17258721593609275,
                                "funnel_partial_chain":  0.588145961209353,
                                "rapid_followup":  1.0251108954090407,
                                "channel_pm":  0.7850118261555151,
                                "channel_party":  0.0,
                                "channel_public":  0.5548536742779576,
                                "rule_hits_norm":  0.10018934778292964,
                                "similarity_hits_norm":  0.0,
                                "behavior_hits_norm":  0.017304242127108953,
                                "trend_hits_norm":  0.0,
                                "funnel_hits_norm":  0.27389155668616455
                            },
    "tokenWeights":  {
                         "ng2:cheap coins":  0.18209009797041228,
                         "ng2:discord for":  0.18209009797041228,
                         "ng2:and more":  0.07967012776573408,
                         "ng2:coins accounts":  0.07967012776573408,
                         "ng2:coins discord":  0.07967012776573408,
                         "ng2:for skyblock":  0.07967012776573408,
                         "ng2:skyblock coins":  0.07967012776573408,
                         "ng2:want cheap":  0.07967012776573408,
                         "ng2:you give":  0.1776862163821892,
                         "ng3:accounts and more":  0.07967012776573408,
                         "ng3:cheap coins discord":  0.07967012776573408,
                         "ng3:coins accounts and":  0.07967012776573408,
                         "ng3:coins discord for":  0.07967012776573408,
                         "ng3:discord for skyblock":  0.07967012776573408,
                         "ng3:for skyblock coins":  0.07967012776573408,
                         "ng3:skyblock coins accounts":  0.07967012776573408,
                         "ng3:want cheap coins":  0.07967012776573408,
                         "ng4:cheap coins discord for":  0.07967012776573408,
                         "ng4:coins accounts and more":  0.07967012776573408,
                         "ng4:coins discord for skyblock":  0.07967012776573408,
                         "ng4:discord for skyblock coins":  0.07967012776573408,
                         "ng4:for skyblock coins accounts":  0.07967012776573408,
                         "ng4:skyblock coins accounts and":  0.07967012776573408,
                         "ng4:want cheap coins discord":  0.07967012776573408,
                         "ng5:cheap coins discord for skyblock":  0.07967012776573408,
                         "ng5:coins discord for skyblock coins":  0.07967012776573408,
                         "ng5:discord for skyblock coins accounts":  0.07967012776573408,
                         "ng5:for skyblock coins accounts and":  0.07967012776573408,
                         "ng5:skyblock coins accounts and more":  0.07967012776573408,
                         "ng5:want cheap coins discord for":  0.07967012776573408,
                         "ng2:and cheapest":  0.10464657968700623,
                         "ng2:best macros":  0.10464657968700623,
                         "ng2:cheapest coisn":  0.10464657968700623,
                         "ng2:could you":  0.12577349000086213,
                         "ng2:discord best":  0.10464657968700623,
                         "ng2:doing free":  0.13622018917415624,
                         "ng2:for cheap":  0.1024199702046778,
                         "ng2:give rep":  0.12577349000086213,
                         "ng2:give you":  0.4353940367672792,
                         "ng2:lol discord":  0.1024199702046778,
                         "ng2:macros and":  0.10464657968700623,
                         "ng2:poor lol":  0.1024199702046778,
                         "ng2:you can":  0.14069232516512198,
                         "ng2:your poor":  0.1024199702046778,
                         "ng3:and cheapest coisn":  0.10464657968700623,
                         "ng3:best macros and":  0.10464657968700623,
                         "ng3:could you give":  0.12577349000086213,
                         "ng3:discord best macros":  0.10464657968700623,
                         "ng3:discord for cheap":  0.1024199702046778,
                         "ng3:for cheap coins":  0.1024199702046778,
                         "ng3:lol discord for":  0.1024199702046778,
                         "ng3:macros and cheapest":  0.10464657968700623,
                         "ng3:poor lol discord":  0.1024199702046778,
                         "ng3:you give rep":  0.12577349000086213,
                         "ng3:your poor lol":  0.1024199702046778,
                         "ng4:best macros and cheapest":  0.10464657968700623,
                         "ng4:could you give rep":  0.12577349000086213,
                         "ng4:discord best macros and":  0.10464657968700623,
                         "ng4:discord for cheap coins":  0.1024199702046778,
                         "ng4:lol discord for cheap":  0.1024199702046778,
                         "ng4:macros and cheapest coisn":  0.10464657968700623,
                         "ng4:poor lol discord for":  0.1024199702046778,
                         "ng4:your poor lol discord":  0.1024199702046778,
                         "ng5:best macros and cheapest coisn":  0.10464657968700623,
                         "ng5:discord best macros and cheapest":  0.10464657968700623,
                         "ng5:lol discord for cheap coins":  0.1024199702046778,
                         "ng5:poor lol discord for cheap":  0.1024199702046778,
                         "ng5:your poor lol discord for":  0.1024199702046778,
                         "ng2:for the":  -0.09725644470014722,
                         "ng2:text and":  -0.1119537427721291,
                         "ng2:accounts and":  0.030531618180118823
                     },
    "funnelHead":  {
                       "intercept":  -0.57766063642386,