{
    "version":  19,
    "intercept":  -2.2839703344321665,
    "denseFeatureWeights":  {
                                "kw_payment":  -0.05314742546282524,
                                "kw_account":  0.0,
                                "kw_urgency":  -0.16154950086643569,
                                "kw_trust":  0.5124421219903947,
                                "kw_too_good":  0.6737064686931905,
                                "kw_platform":  0.3045348140879564,
                                "has_link":  0.0,
                                "has_suspicious_punctuation":  0.0,
                                "ctx_pushes_external_platform":  0.9672303947891879,
                                "ctx_demands_upfront_payment":  0.07260244861732446,
                                "ctx_requests_sensitive_data":  0.0,
                                "ctx_claims_middleman_without_proof":  0.42993407221894075,
                                "ctx_too_good_to_be_true":  0.6737064686931905,
                                "ctx_repeated_contact_3plus":  -0.013900135254534391,
                                "ctx_is_spam":  0.7263844250997907,
                                "ctx_asks_for_stuff":  0.07260244861732446,
                                "ctx_advertising":  -0.503407456068558,
                                "intent_offer":  0.34064243313417725,
                                "intent_rep":  0.5244047489163227,
                                "intent_redirect":  0.9672303947891879,
                                "intent_instruction":  -0.31652642309134693,
                                "intent_payment":  0.07260244861732446,
                                "intent_anchor":  0.16371234614597696,
                                "funnel_step_norm":  0.5614249517481527,
                                "funnel_sequence_norm":  0.48774982708593967,
                                "funnel_full_chain":  0.14664837744885692,
                                "funnel_partial_chain":  1.0926826118713127,
                                "rapid_followup":  0.004327202000347,
                                "channel_pm":  1.2990494357988298,
                                "channel_party":  0.0,
                                "channel_public":  0.9735907199718148,
                                "rule_hits_norm":  0.8114458275719816,
                                "similarity_hits_norm":  0.006084463111154609,
                                "behavior_hits_norm":  0.16235774275346204,
                                "trend_hits_norm":  0.006084463111154609,
                                "funnel_hits_norm":  0.7472645689985935
                            },
    "tokenWeights":  {

                     },
    "funnelHead":  {
                       "intercept":  -1.9036334533768686,
                       "denseFeatureWeights":  {
                                                   "ctx_pushes_external_platform":  0.15054440966615026,
                                                   "ctx_repeated_contact_3plus":  -0.04005526136437656,
                                                   "intent_offer":  0.8533175981140957,
                                                   "intent_rep":  0.5936563375003754,
                                                   "intent_redirect":  0.15054440966615026,
                                                   "intent_instruction":  0.1762652920590224,
                                                   "intent_payment":  0.1353237875509519,
                                                   "intent_anchor":  0.1543453053605171,
                                                   "funnel_step_norm":  1.8459407610846064,
                                                   "funnel_sequence_norm":  0.5936241223279001,
                                                   "funnel_full_chain":  0.0694658539356045,
                                                   "funnel_partial_chain":  1.5387026936343278,
                                                   "rapid_followup":  1.2244129258163974,
                                                   "funnel_hits_norm":  1.3419649935206184
                                               }
                   }
}
