{
  "version": 6,
  "intercept": -4.080123786522483,
  "hasPaymentWords": 0.3209001467588175,
  "hasAccountWords": 0.0,
  "hasUrgencyWords": -0.12535764897992852,
  "hasTrustWords": -0.05847655459082136,
  "hasTooGoodWords": 0.0,
  "hasPlatformWords": 1.145051483248671,
  "hasLink": 0.0,
  "hasSuspiciousPunctuation": 0.0,
  "ctxPushesExternalPlatform": 1.145051483248671,
  "ctxDemandsUpfrontPayment": 0.0,
  "ctxRequestsSensitiveData": 0.0,
  "ctxClaimsMiddlemanWithoutProof": -0.19748841405885273,
  "ctxTooGoodToBeTrue": 0.0,
  "ctxRepeatedContact3Plus": 0.0,
  "ctxIsSpam": 1.560986330721819,
  "ctxAsksForStuff": 0.0,
  "ctxAdvertising": 0.0,
  "tokenWeights": {
    "ng2:cheap coins": 0.3921571477930274,
    "ng2:discord for": 0.3921571477930274,
    "ng2:and more": 0.06836243792829767,
    "ng2:coins accounts": 0.06836243792829767,
    "ng2:for skyblock": 0.06836243792829767,
    "ng2:skyblock coins": 0.06836243792829767,
    "ng2:want cheap": 0.06836243792829767,
    "ng3:accounts and more": 0.06836243792829767,
    "ng3:coins accounts and": 0.06836243792829767,
    "ng3:discord for skyblock": 0.06836243792829767,
    "ng3:for skyblock coins": 0.06836243792829767,
    "ng3:skyblock coins accounts": 0.06836243792829767,
    "ng3:want cheap coins": 0.06836243792829767,
    "ng4:coins accounts and more": 0.06836243792829767,
    "ng4:discord for skyblock coins": 0.06836243792829767,
    "ng4:for skyblock coins accounts": 0.06836243792829767,
    "ng4:skyblock coins accounts and": 0.06836243792829767,
    "ng5:discord for skyblock coins accounts": 0.06836243792829767,
    "ng5:for skyblock coins accounts and": 0.06836243792829767,
    "ng5:skyblock coins accounts and more": 0.06836243792829767,
    "ng2:accounts and": 0.01872591640782882
  }
}