{
  "version": 3,
  "intercept": -1.609359212491944,
  "hasPaymentWords": 0.8056681899698417,
  "hasAccountWords": -0.3965302950327334,
  "hasUrgencyWords": -0.40617838747610874,
  "hasTrustWords": 1.1938781309517126,
  "hasTooGoodWords": 0.7691047731769729,
  "hasPlatformWords": 1.1016120245442171,
  "hasLink": 0.0,
  "hasSuspiciousPunctuation": -0.20786102644664783,
  "ctxPushesExternalPlatform": 1.3568183822013888,
  "ctxDemandsUpfrontPayment": 1.7322454005555585,
  "ctxRequestsSensitiveData": 0.15944133607179564,
  "ctxClaimsMiddlemanWithoutProof": 1.1938781309517126,
  "ctxRepeatedContact3Plus": 0.0,
  "ctxIsSpam": -0.20786102644664783,
  "ctxAsksForStuff": 0.2493920852359603,
  "ctxAdvertising": -0.40617838747610874,
  "tokenWeights": {
    "kw:can": 0.5332078380720737,
    "kw:discord": 0.677077020929891,
    "kw:you": 0.9952205310421866,
    "kw:borrow": 0.946905963263914,
    "kw:buy": 0.14219531481264117,
    "kw:cash": 0.17203205205010222,
    "kw:coop": 1.9373297371991798,
    "kw:equopment": 0.17203205205010222,
    "kw:ill": 0.11726032224774872,
    "kw:mining": 0.17203205205010222,
    "kw:rank": 0.7150281788726297,
    "kw:some": 0.17203205205010222,
    "kw:someone": 0.17203205205010222,
    "kw:spare": 0.17203205205010222,
    "ng2:can someone": 0.17203205205010222,
    "ng2:cash for": 0.17203205205010222,
    "ng2:for mining": 0.17203205205010222,
    "ng2:mining equopment": 0.17203205205010222,
    "ng2:some cash": 0.17203205205010222,
    "ng2:someone spare": 0.17203205205010222,
    "ng2:spare some": 0.17203205205010222,
    "ng3:can someone spare": 0.17203205205010222,
    "ng3:cash for mining": 0.17203205205010222,
    "ng3:for mining equopment": 0.17203205205010222,
    "ng3:some cash for": 0.17203205205010222,
    "ng3:someone spare some": 0.17203205205010222,
    "ng3:spare some cash": 0.17203205205010222,
    "kw:hey": -0.7003065949280123,
    "kw:quick": -0.40617838747610874,
    "kw:for": 0.6933755097185371,
    "kw:coins": 0.1314366274902019,
    "kw:first": 0.5642987411277619,
    "kw:maybe": 0.03990028906189052,
    "kw:money": 0.57193653672889,
    "ng2:buy rank": 0.03990028906189052,
    "ng2:equopment pls": 0.03990028906189052,
    "ng2:ill maybe": 0.03990028906189052,
    "ng2:maybe buy": 0.03990028906189052,
    "ng2:pls ill": 0.03990028906189052,
    "ng2:the item": 0.33094975120803716,
    "ng3:equopment pls ill": 0.03990028906189052,
    "ng3:ill maybe buy": 0.03990028906189052,
    "ng3:maybe buy rank": 0.03990028906189052,
    "ng3:mining equopment pls": 0.03990028906189052,
    "ng3:pls ill maybe": 0.03990028906189052,
    "kw:and": -0.14261442744170263,
    "kw:add": 0.7061758914182001,
    "kw:item": 0.5779260545694259,
    "kw:the": -0.06401000628882708,
    "kw:pls": -0.27642202964525475,
    "kw:give": -0.23896228552128732,
    "kw:join": 0.21480197184554253,
    "kw:wanna": 0.33523188978993124
  }
}