{
  "version": 4,
  "intercept": -2.0028929303286005,
  "hasPaymentWords": 0.9448697311894673,
  "hasAccountWords": -0.1437939933439441,
  "hasUrgencyWords": -0.21395123543339353,
  "hasTrustWords": 0.7487943161417439,
  "hasTooGoodWords": 0.7794598842930133,
  "hasPlatformWords": 0.8768900666026685,
  "hasLink": 0.0,
  "hasSuspiciousPunctuation": -0.1715917532724995,
  "ctxPushesExternalPlatform": 1.3044515253197022,
  "ctxDemandsUpfrontPayment": 1.0504760900903476,
  "ctxRequestsSensitiveData": 0.26338074756184376,
  "ctxClaimsMiddlemanWithoutProof": 0.7487943161417439,
  "ctxTooGoodToBeTrue": 0.19893124450177258,
  "ctxRepeatedContact3Plus": 0.0,
  "ctxIsSpam": 0.08457077872385323,
  "ctxAsksForStuff": -0.2093789966947707,
  "ctxAdvertising": -0.5188968959632322,
  "tokenWeights": {
    "kw:borrow": 0.8679891121673964,
    "kw:discord": 0.6480387899786948,
    "kw:money": 0.8385665215206148,
    "kw:cash": 0.18037686908965428,
    "kw:coop": 1.29619084718487,
    "kw:equopment": 0.18037686908965428,
    "kw:free": 0.495824735699748,
    "kw:mining": 0.18037686908965428,
    "kw:rank": 0.4932045918587796,
    "kw:spare": 0.18037686908965428,
    "ng2:cash for": 0.18037686908965428,
    "ng2:for mining": 0.18037686908965428,
    "ng2:mining equopment": 0.18037686908965428,
    "ng2:some cash": 0.18037686908965428,
    "ng2:someone spare": 0.18037686908965428,
    "ng2:spare some": 0.18037686908965428,
    "ng3:can someone spare": 0.18037686908965428,
    "ng3:cash for mining": 0.18037686908965428,
    "ng3:for mining equopment": 0.18037686908965428,
    "ng3:some cash for": 0.18037686908965428,
    "ng3:someone spare some": 0.18037686908965428,
    "ng3:spare some cash": 0.18037686908965428,
    "kw:add": 0.8636653721917453,
    "kw:you": 0.3571299839070374,
    "kw:back": 0.4047458826771536,
    "kw:first": 0.48480120040579033,
    "kw:maybe": 0.046036348619840836,
    "ng2:buy rank": 0.046036348619840836,
    "ng2:can borrow": 0.3470617280686059,
    "ng2:equopment pls": 0.046036348619840836,
    "ng2:get back": 0.4047458826771536,
    "ng2:ill maybe": 0.046036348619840836,
    "ng2:maybe buy": 0.046036348619840836,
    "ng2:pls ill": 0.046036348619840836,
    "ng2:the item": 0.301795298302419,
    "ng2:you get": 0.4047458826771536,
    "ng3:equopment pls ill": 0.046036348619840836,
    "ng3:ill maybe buy": 0.046036348619840836,
    "ng3:maybe buy rank": 0.046036348619840836,
    "ng3:mining equopment pls": 0.046036348619840836,
    "ng3:pls ill maybe": 0.046036348619840836,
    "ng3:you get back": 0.4047458826771536,
    "kw:buy": 0.14539984347370552,
    "kw:ill": 0.06260511658789251,
    "kw:item": 0.5834376266309087,
    "kw:some": 0.08727592194300682,
    "ng2:can someone": 0.08727592194300682,
    "kw:can": 0.3765195971178626,
    "kw:someone": 0.009615470308904294,
    "kw:visit": -0.44773050330028746,
    "kw:pls": -0.06084971405709508,
    "kw:party": -0.357348562885003,
    "kw:minion": -0.21992962613445255,
    "kw:senior": -0.447101733834469,
    "kw:the": 0.16413668425598849,
    "kw:diana": -0.21010121536514903,
    "kw:selling": -0.21237100268367637,
    "kw:for": 0.45342790631038926,
    "kw:and": -0.05001478358402346,
    "kw:anyone": -0.11871912871610057,
    "kw:armor": -0.11871912871610057,
    "kw:buying": -0.19232007362134143,
    "kw:giveing": -0.11871912871610057,
    "kw:melon": -0.11871912871610057,
    "kw:mind": -0.11871912871610057,
    "kw:mythic": -0.1604836758448407,
    "kw:please": -0.29652524787734014,
    "kw:slime": -0.12854819479952068,
    "kw:t11": -0.13349882431580165,
    "kw:with": -0.14942012163873705,
    "ng2:anyone mind": -0.11871912871610057,
    "ng2:can get": -0.11871912871610057,
    "ng2:diana party": -0.1550321273280391,
    "ng2:get melon": -0.11871912871610057,
    "ng2:giveing can": -0.11871912871610057,
    "ng2:melon armor": -0.11871912871610057,
    "ng2:mind giveing": -0.11871912871610057,
    "ng2:visit for": -0.19480698262140747,
    "ng3:anyone mind giveing": -0.11871912871610057,
    "ng3:can get melon": -0.11871912871610057,
    "ng3:get melon armor": -0.11871912871610057,
    "ng3:giveing can get": -0.11871912871610057,
    "ng3:mind giveing can": -0.11871912871610057,
    "kw:coins": -0.025422835552977682,
    "kw:103": -0.0709483793975842,
    "kw:380m": -0.12509273949086666,
    "kw:50m": -0.07175967000463428,
    "kw:begging": -0.11328105007007701,
    "kw:check": -0.07175967000463428,
    "kw:come": -0.10493557331596462,
    "kw:dont": -0.11328105007007701,
    "kw:easy": -0.15024270524119573,
    "kw:eye": -0.07175967000463428,
    "kw:got": -0.197966972391869,
    "kw:handle": -0.12509273949086666,
    "kw:have": -0.17709704981187838,
    "kw:here": -0.15555353560172627,
    "kw:hey": -0.2698034665765553,
    "kw:how": -0.28746252723313803,
    "kw:leg": -0.10218727824376174,
    "kw:lol": -0.1553763692844075,
    "kw:mvp": -0.0709483793975842,
    "kw:not": -0.11328105007007701,
    "kw:number": -0.0709483793975842,
    "kw:oculus": -0.07175967000463428,
    "kw:only": -0.07175967000463428,
    "kw:precursor": -0.07175967000463428,
    "kw:quick": -0.14380962633117372,
    "kw:see": -0.21656730571985644,
    "kw:shop": -0.0864308018186508,
    "kw:skin": -0.07175967000463428,
    "kw:slide": -0.0709483793975842,
    "kw:will": -0.0709483793975842,
    "ng2:begging map": -0.11328105007007701,
    "ng2:check for": -0.07175967000463428,
    "ng2:coins visit": -0.2037462998347917,
    "ng2:dont give": -0.11328105007007701,
    "ng2:eye with": -0.07175967000463428,
    "ng2:for precursor": -0.07175967000463428,
    "ng2:leg diana": -0.10218727824376174,
    "ng2:map dont": -0.11328105007007701,
    "ng2:minion shop": -0.0864308018186508,
    "ng2:mvp the": -0.0709483793975842,
    "ng2:mythic diana": -0.10791393712138735,
    "ng2:not begging": -0.11328105007007701,
    "ng2:number will": -0.0709483793975842,
    "ng2:oculus skin": -0.07175967000463428,
    "ng2:only 50m": -0.07175967000463428,
    "ng2:party mythic": -0.1076388267605632,
    "ng2:precursor eye": -0.07175967000463428,
    "ng2:selling t11": -0.06889722077755767,
    "ng2:senior slide": -0.0709483793975842,
    "ng2:skin only": -0.07175967000463428,
    "ng2:slide mvp": -0.0709483793975842,
    "ng2:slime minion": -0.09571976558154566,
    "ng2:t11 slime": -0.09571976558154566,
    "ng2:the number": -0.0709483793975842,
    "ng2:will 103": -0.0709483793975842,
    "ng2:with oculus": -0.07175967000463428,
    "ng3:begging map dont": -0.11328105007007701,
    "ng3:check for precursor": -0.07175967000463428,
    "ng3:eye with oculus": -0.07175967000463428,
    "ng3:for precursor eye": -0.07175967000463428,
    "ng3:leg diana party": -0.10218727824376174,
    "ng3:map dont give": -0.11328105007007701,
    "ng3:mvp the number": -0.0709483793975842,
    "ng3:not begging map": -0.11328105007007701,
    "ng3:number will 103": -0.0709483793975842,
    "ng3:oculus skin only": -0.07175967000463428,
    "ng3:precursor eye with": -0.07175967000463428,
    "ng3:senior slide mvp": -0.0709483793975842,
    "ng3:skin only 50m": -0.07175967000463428,
    "ng3:slide mvp the": -0.0709483793975842,
    "ng3:t11 slime minion": -0.09571976558154566,
    "ng3:the number will": -0.0709483793975842,
    "ng3:with oculus skin": -0.07175967000463428,
    "kw:any": -0.13132715677005422,
    "kw:but": 0.29947278258328686,
    "kw:its": 0.4612985309670553,
    "kw:join": 0.190573975162056,
    "kw:more": 0.057206876226683884,
    "kw:wanna": 0.42022601617515104,
    "kw:get": 0.28602675396105354,
    "kw:give": -0.17093544282901948,
    "kw:are": -0.44447934142811507,
    "kw:map": 0.07477452145151203
  }
}